name,corp_code,panel_basis,year,basis,via,obs_rev,mf_rev,err_rev,obs_op,mf_op,err_op,obs_ni,mf_ni,err_ni,obs_net_debt,mf_net_debt,err_net_debt,obs_cash,mf_cash,err_cash
화성광주고속도로(주),01205204,OFS_only,2023,OFS,audit,462.4,462.4196,0,116.6,116.6388,0.0003,,,,,,,,,
화성광주고속도로(주),01205204,OFS_only,2024,OFS,audit,597.9,597.8864,0,241.1,241.0619,0.0002,190.7,-190.7385,1.9998,5942.9,5942.9394,0,0.2,0.2485,0.1952
화성광주고속도로(주),01205204,OFS_only,2025,OFS,audit,674,,,298.8,,,89.5,,,5792.3,,,0.2,,
제일폴리캠(주),00934725,OFS_only,2023,OFS,audit,396.9,396.9224,0.0001,-40.2,-40.2113,0.0003,,,,,,,,,
제일폴리캠(주),00934725,OFS_only,2024,OFS,audit,544.5,544.4734,0,-6.6,-6.621,0.0032,-24.3,-24.311,0.0005,419.7,462.7173,0.093,17.5,17.5327,0.0019
제일폴리캠(주),00934725,OFS_only,2025,OFS,audit,562.8,,,-7.1,,,-22.4,,,421.9,,,9.8,,
(주)화인인터내셔날,00364014,OFS_only,2023,OFS,audit,257.1,257.0672,0.0001,10.8,10.816,0.0015,,,,,,,,,
(주)화인인터내셔날,00364014,OFS_only,2024,OFS,audit,333,333.024,0.0001,40.8,40.8083,0.0002,37.8,-37.8009,2,528.3,528.3391,0.0001,1.8,1.7885,0.0064
(주)화인인터내셔날,00364014,OFS_only,2025,OFS,audit,515.6,,,40.7,,,23.1,,,578.8,,,0.8,,
프레시플러스(주),00968023,OFS_only,2023,OFS,audit,699.2,699.2267,0,8,8.0427,0.0053,,,,,,,,,
프레시플러스(주),00968023,OFS_only,2024,OFS,audit,760.2,760.1992,0,7.1,7.0509,0.007,24.1,24.1012,0,346.3,388.1031,0.1077,46.5,46.4619,0.0008
프레시플러스(주),00968023,OFS_only,2025,OFS,audit,797.9,,,-32,,,-22.2,,,448.5,,,23.9,,
(주)스튜디오프리즘,01394261,OFS_only,2023,OFS,audit,726.6,726.5972,0,95.3,95.2549,0.0005,,,,,,,,,
(주)스튜디오프리즘,01394261,OFS_only,2024,OFS,audit,1806.7,1806.6825,0,180.5,180.486,0.0001,59.2,59.1681,0.0005,1415.3,1415.8656,0.0004,175.8,175.7904,0.0001
(주)스튜디오프리즘,01394261,OFS_only,2025,OFS,audit,1576.7,,,50.1,,,11.1,,,1448.7,,,200.4,,
영림산업(주),00816322,,2023,OFS,audit,1136.4,1136.4131,0,106.7,106.6652,0.0003,,,,,,,,,
영림산업(주),00816322,,2024,OFS,audit,1391.6,0,,81.9,0,,26,0,,1083.9,0,,42.1,0,
영림산업(주),00816322,,2025,OFS,audit,1628.5,,,105.5,,,-16.7,,,911.7,,,90,,
(주)초록마을,00306463,,2023,OFS,audit,1787.9,1787.9372,0,-86.1,-86.0686,0.0004,,,,,,,,,
(주)초록마을,00306463,,2024,OFS,audit,1630,0,,-72.3,0,,,0,,57.4,0,,0.2,0,
(주)비콘아이앤씨,01310542,,2023,CFS,audit,602.9,602.9242,0,64.9,-62.7957,2.0335,,,,,,,,,
(주)비콘아이앤씨,01310542,,2023,OFS,audit,602.9,602.9242,0,62.8,-62.7957,2.0001,,,,,,,,,
(주)비콘아이앤씨,01310542,,2024,CFS,audit,582.8,0,,121.1,0,,146.3,0,,475.3,0,,6.8,0,
(주)비콘아이앤씨,01310542,,2024,OFS,audit,562.2,0,,83.1,0,,121.8,0,,110.5,0,,1.1,0,
(주)시앤유,01470932,OFS_only,2023,OFS,audit,699.6,699.5711,0,55,54.9592,0.0007,,,,,,,,,
(주)시앤유,01470932,OFS_only,2024,OFS,audit,591.7,591.6951,0,36.3,36.3455,0.0013,17.2,17.1853,0.0009,280,280.0214,0.0001,8.4,8.3595,0.0048
(주)시앤유,01470932,OFS_only,2025,OFS,audit,503.9,,,25.7,,,7.3,,,330.8,,,2.1,,
(주)투게더홀딩스,01154399,,2023,OFS,audit,777,777.0176,0,97.6,97.5686,0.0003,,,,,,,,,
(주)투게더홀딩스,01154399,,2024,OFS,audit,2.8,0,,-73.4,0,,-219,0,,2205.1,0,,50.4,0,
(주)투게더홀딩스,01154399,,2025,OFS,audit,2341.7,,,348.8,,,-42.5,,,748.2,,,46,,
(주)거림씨앤에프,01728282,OFS_only,2023,OFS,audit,359.2,359.2146,0,51.7,51.6533,0.0009,,,,,,,,,
(주)거림씨앤에프,01728282,OFS_only,2024,OFS,audit,389,389.0424,0.0001,47.6,47.5677,0.0007,35,35.0493,0.0014,319.8,319.8217,0.0001,13,13.0328,0.0025
(주)거림씨앤에프,01728282,OFS_only,2025,OFS,audit,644.6,,,33.2,,,17.2,,,342.2,,,1.5,,
(주)유진정공,00448848,OFS_only,2023,OFS,audit,483.5,483.473,0.0001,-15.4,-15.422,0.0014,,,,,,,,,
(주)유진정공,00448848,OFS_only,2024,OFS,audit,453.2,453.2171,0,-11.3,-11.2956,0.0004,-14.8,-14.798,0.0001,183.7,183.7337,0.0002,2.3,2.3333,0.0143
(주)유진정공,00448848,OFS_only,2025,OFS,audit,580.6,,,9.4,,,6.9,,,183.2,,,2.1,,
(주)유엔에이엔지니어링,00819189,OFS_only,2023,OFS,audit,1302.5,1302.4947,0,58.3,58.2889,0.0002,,,,,,,,,
(주)유엔에이엔지니어링,00819189,OFS_only,2024,OFS,audit,1548.9,1548.8805,0,47.9,47.9382,0.0008,18.8,18.8036,0.0002,407.1,430.0076,0.0533,1.3,1.2633,0.0291
(주)유엔에이엔지니어링,00819189,OFS_only,2025,OFS,audit,1490.4,,,4.3,,,-91.2,,,387.2,,,2.7,,
(주)협화,00160533,OFS_only,2023,OFS,audit,928.3,928.2664,0,13.8,13.7528,0.0034,,,,,,,,,
(주)협화,00160533,OFS_only,2024,OFS,audit,668.3,668.2806,0,-36,-35.9602,0.0011,-68,-67.9707,0.0004,454,454.026,0.0001,15.8,15.8371,0.0023
(주)협화,00160533,OFS_only,2025,OFS,audit,624.9,,,-103.9,,,-109,,,449.5,,,8.5,,
(주)동서기공,01213373,OFS_only,2023,OFS,audit,231.9,4243.2605,0.9453,11.8,-371.0953,1.0318,,,,,,,,,
(주)동서기공,01213373,OFS_only,2024,OFS,audit,218.7,4100.5206,0.9467,-0.6,-185.4154,0.9968,-11.1,-331.5587,0.9665,204.2,1743.7761,0.8829,9.7,31.0015,0.6871
(주)동서기공,01213373,OFS_only,2025,OFS,audit,307.7,,,12.2,,,4.2,,,206.7,,,16.7,,
(주)로지스마일,01483389,OFS_only,2023,OFS,audit,645.3,645.3062,0,-14.6,-14.5691,0.0021,,,,,,,,,
(주)로지스마일,01483389,OFS_only,2024,OFS,audit,617.7,617.6851,0,-18.4,-18.375,0.0014,-22,-21.9652,0.0016,67.7,67.7082,0.0001,4.2,4.187,0.0031
에스케이멀티유틸리티(주),01603114,OFS_only,2023,OFS,audit,1357.7,1357.7329,0,33.2,33.2069,0.0002,,,,,,,,,
에스케이멀티유틸리티(주),01603114,OFS_only,2024,OFS,audit,1265.4,1265.3597,0,-26.4,-26.3745,0.001,-25.2,-25.2154,0.0006,5171.2,5124.8202,0.0091,2.6,2.5612,0.0151
에스케이멀티유틸리티(주),01603114,OFS_only,2025,OFS,audit,2196,,,-23.1,,,-83.1,,,5540.4,,,1168.8,,
(주)신도디엑스,00919799,OFS_only,2023,OFS,audit,681.6,681.5987,0,0.9,0.8704,0.034,,,,,,,,,
(주)신도디엑스,00919799,OFS_only,2024,OFS,audit,824.6,824.5718,0,-7.6,-7.6111,0.0015,-11.9,-11.8635,0.0031,75.9,76.8962,0.013,14.4,14.448,0.0033
(주)신도디엑스,00919799,OFS_only,2025,OFS,audit,1009.8,,,-20.2,,,-26.3,,,60.3,,,3.1,,
한아건설(주),01082250,OFS,2023,CFS,audit,1850.3,2581.7486,0.2833,142.7,319.1667,0.5529,,,,,,,,,
한아건설(주),01082250,OFS,2023,OFS,audit,1254.1,2581.7486,0.5142,211.7,319.1667,0.3367,,,,,,,,,
한아건설(주),01082250,OFS,2024,CFS,audit,3178,1436.5214,1.2123,250.1,212.86,0.175,218,567.3828,0.6158,3578.1,4086.7397,0.1245,28.7,19.485,0.4729
한아건설(주),01082250,OFS,2024,OFS,audit,1436.5,1436.5214,0,212.9,212.86,0.0002,567.4,567.3828,0,2531.9,4086.7397,0.3805,19.5,19.485,0.0008
한아건설(주),01082250,OFS,2025,CFS,audit,1320.3,,,-8.1,,,85,,,4737.6,,,12.1,,
한아건설(주),01082250,OFS,2025,OFS,audit,595.4,,,-138.6,,,71.6,,,3257.5,,,6.4,,
(주)우리홀푸드마트,01374799,OFS_only,2023,OFS,audit,690.3,690.3206,0,31.5,31.5455,0.0014,,,,,,,,,
(주)우리홀푸드마트,01374799,OFS_only,2024,OFS,audit,805.7,805.6511,0.0001,38.9,38.8747,0.0007,1,0.9517,0.0508,581.1,581.1261,0,2.9,2.8861,0.0048
장금마리타임(주),00767053,SAME,2023,CFS,audit,10848.9,10848.8601,0,2256.9,2256.8919,0,,,,,,,,,
장금마리타임(주),00767053,SAME,2024,CFS,audit,15118.1,15118.1394,0,253.8,253.7684,0.0001,336.1,336.0985,0,11574.9,11574.8727,0,185.4,185.37,0.0002
장금마리타임(주),00767053,SAME,2024,OFS,audit,15118.1,15118.1394,0,253.8,253.7684,0.0001,,,,,,,,,
장금마리타임(주),00767053,SAME,2025,CFS,audit,18822.4,,,-146.9,,,-2400.1,,,13700.6,,,320.9,,
장금마리타임(주),00767053,SAME,2025,OFS,audit,18822.4,,,-146.9,,,-2400.1,,,13700.6,,,320.9,,
(주)부산케이블앤엔지니어링,01468742,OFS,2023,CFS,audit,2640,1531.7284,0.7235,163.4,81.3642,1.0083,,,,,,,,,
(주)부산케이블앤엔지니어링,01468742,OFS,2023,OFS,audit,1531.7,1531.7284,0,81.4,81.3642,0.0004,,,,,,,,,
(주)부산케이블앤엔지니어링,01468742,OFS,2024,CFS,audit,2607.9,1872.9347,0.3924,67.7,-20.3674,4.3239,-36.8,-38.9432,0.055,458.7,476.3769,0.0371,100.7,53.6507,0.877
(주)부산케이블앤엔지니어링,01468742,OFS,2024,OFS,audit,1872.9,1872.9347,0,-20.4,-20.3674,0.0016,-38.9,-38.9432,0.0011,476.4,476.3769,0,53.7,53.6507,0.0009
(주)부산케이블앤엔지니어링,01468742,OFS,2025,CFS,audit,4063.7,,,254.5,,,200.9,,,824.6,,,218.3,,
(주)부산케이블앤엔지니어링,01468742,OFS,2025,OFS,audit,3613.2,,,202.5,,,201.7,,,777,,,78,,
(주)피라인모터스,01487206,,2023,OFS,audit,0,1719.3338,1,3.5,116.3477,0.9699,,,,,,,,,
(주)피라인모터스,01487206,,2023,CFS,audit,0,1719.3338,1,3.5,116.3477,0.9699,,,,,,,,,
(주)피라인모터스,01487206,,2024,OFS,audit,1473.4,0,,130.8,0,,63.5,0,,552,0,,97.8,0,
(주)피라인모터스,01487206,,2024,CFS,audit,1719.3,0,,116.3,0,,15.2,0,,665.1,0,,101.8,0,
(주)피라인모터스,01487206,,2025,OFS,audit,221.5,,,-608,,,-618.6,,,491.7,,,10.6,,
(주)피라인모터스,01487206,,2025,CFS,audit,432,,,-638.8,,,-678.6,,,594.5,,,16.7,,
백운지업(주),01742644,OFS_only,2023,OFS,audit,534.8,534.8134,0,7.7,7.6831,0.0022,,,,,,,,,
백운지업(주),01742644,OFS_only,2024,OFS,audit,652.8,652.8154,0,6.2,6.2035,0.0006,0.5,0.4687,0.0668,101.3,101.319,0.0002,0.7,0.7392,0.053
백운지업(주),01742644,OFS_only,2025,OFS,audit,553.9,,,-21.4,,,-20.6,,,24.9,,,0.6,,
부국산업(주),00123754,OFS_only,2023,OFS,audit,220.1,1206.5186,0.8176,17.2,-5.9291,3.9009,,,,,,,,,
부국산업(주),00123754,OFS_only,2024,OFS,audit,217.7,1205.7356,0.8194,10.7,-3.9282,3.7239,15,-46.3991,1.3233,-3.8,498.7736,1.0076,3.8,3.6915,0.0294
부국산업(주),00123754,OFS_only,2025,OFS,audit,218.7,,,5.8,,,11.1,,,,,,3.6,,
(주)동천수,01153770,OFS_only,2023,OFS,audit,339.9,339.9426,0.0001,-14.3,-14.3105,0.0007,,,,,,,,,
(주)동천수,01153770,OFS_only,2024,OFS,audit,395.9,395.8709,0.0001,-64.3,-64.3281,0.0004,-189.3,-189.2651,0.0002,-4.6,592.3789,1.0078,4.5,4.4829,0.0038
씨알케이(주),01448997,OFS_only,2023,OFS,audit,2799,2799.0389,0,22.7,22.7461,0.002,,,,,,,,,
씨알케이(주),01448997,OFS_only,2024,OFS,audit,2651.4,2651.419,0,-77.6,-77.5969,0,-198.1,-198.123,0.0001,736.5,736.3437,0.0002,115.2,115.1516,0.0004
씨알케이(주),01448997,OFS_only,2025,OFS,audit,2260.4,,,-72,,,-77.1,,,673.2,,,10.4,,
(주)디에프에스,01634521,OFS_only,2023,OFS,audit,258.4,479.3074,0.4609,11.2,63.0703,0.8224,,,,,,,,,
(주)디에프에스,01634521,OFS_only,2024,OFS,audit,514.6,514.5523,0.0001,31.3,31.2559,0.0014,25.6,25.6111,0.0004,340.8,345.0651,0.0124,10.4,10.4418,0.004
(주)디에프에스,01634521,OFS_only,2025,OFS,audit,466.5,,,-71.5,,,-63.8,,,323.8,,,22.3,,
(주)스페이스솔루션,01140110,OFS_only,2023,OFS,audit,403.6,403.5657,0.0001,32.3,-32.3404,1.9988,,,,,,,,,
(주)스페이스솔루션,01140110,OFS_only,2024,OFS,audit,422.8,422.7875,0,53.1,-53.0916,2.0002,59.8,-59.8101,1.9998,461.2,461.1594,0.0001,81.3,81.3344,0.0004
(주)스페이스솔루션,01140110,OFS_only,2025,OFS,audit,561,,,47.4,,,149.4,,,591.2,,,32.1,,
(주)무신사로지스틱스,01544149,OFS_only,2023,OFS,audit,716.8,716.7778,0,-91.4,-91.4088,0.0001,,,,,,,,,
(주)무신사로지스틱스,01544149,OFS_only,2024,OFS,audit,790,790.0302,0,-41.5,-41.5217,0.0005,-47.2,-47.2139,0.0003,538.2,538.1948,0,29.6,29.5963,0.0001
(주)무신사로지스틱스,01544149,OFS_only,2025,OFS,audit,877.5,,,-45.2,,,-98.1,,,617.2,,,49.4,,
(주)대원고속,00111944,OFS,2023,CFS,audit,3035.8,2739.7405,0.1081,67.8,-61.7018,2.0988,,,,,,,,,
(주)대원고속,00111944,OFS,2023,OFS,audit,2739.7,2739.7405,0,61.7,-61.7018,2,,,,,,,,,
(주)대원고속,00111944,OFS,2024,CFS,audit,3239.6,2895.4922,0.1188,10.3,-16.5625,1.6219,21.1,19.1299,0.103,2506.3,2451.5297,0.0223,11.1,9.7624,0.137
(주)대원고속,00111944,OFS,2024,OFS,audit,2895.5,2895.4922,0,16.6,-16.5625,2.0023,19.1,19.1299,0.0016,2442.2,2451.5297,0.0038,9.8,9.7624,0.0039
(주)대원고속,00111944,OFS,2025,CFS,audit,3245.2,,,119.8,,,153.5,,,2428.2,,,2.1,,
(주)대원고속,00111944,OFS,2025,OFS,audit,2875.3,,,111.1,,,154.9,,,2336.9,,,2.1,,
(주)서한사,00131522,OFS,2023,CFS,audit,1090.8,415.1089,1.6277,10.4,-22.893,1.4543,,,,,,,,,
(주)서한사,00131522,OFS,2023,OFS,audit,415.1,415.1089,0,-22.9,-22.893,0.0003,,,,,,,,,
(주)서한사,00131522,OFS,2024,CFS,audit,1314.6,533.4295,1.4644,98.4,22.2943,3.4137,79.4,25.4146,2.1242,1244.2,1474.5295,0.1562,181.5,7.1807,24.2761
(주)서한사,00131522,OFS,2024,OFS,audit,533.4,533.4295,0.0001,22.3,22.2943,0.0003,25.4,25.4146,0.0006,1478.1,1474.5295,0.0024,7.2,7.1807,0.0027
(주)서한사,00131522,OFS,2025,CFS,audit,1450.6,,,156.1,,,182.8,,,890,,,229.8,,
(주)서한사,00131522,OFS,2025,OFS,audit,615.1,,,49.5,,,211.3,,,1022.6,,,15.7,,
(주)쓰리나인,00619695,OFS_only,2023,OFS,audit,630.7,630.6868,0,26.4,26.4135,0.0005,,,,,,,,,
(주)쓰리나인,00619695,OFS_only,2024,OFS,audit,634.7,634.708,0,24.5,24.5289,0.0012,9.2,9.1593,0.0044,386.4,386.3781,0.0001,23.8,23.8373,0.0016
(주)쓰리나인,00619695,OFS_only,2025,OFS,audit,770.4,,,20.7,,,38.1,,,528.4,,,5.3,,
(주)경기여객,01434806,OFS_only,2023,OFS,audit,298.4,298.4232,0.0001,-6.1,-6.0907,0.0015,,,,,,,,,
(주)경기여객,01434806,OFS_only,2024,OFS,audit,346.6,346.617,0,6.2,6.2398,0.0064,8.3,8.3189,0.0023,64.1,64.111,0.0002,1.3,1.295,0.0039
(주)경기여객,01434806,OFS_only,2025,OFS,audit,372.8,,,-8.7,,,-5.7,,,91.3,,,0,,
(주)더캐리,01552218,OFS_only,2023,OFS,audit,1175.7,1175.7321,0,155.9,155.8735,0.0002,,,,,,,,,
(주)더캐리,01552218,OFS_only,2024,OFS,audit,1336.6,1336.574,0,55.6,55.5972,0.0001,48.9,48.8909,0.0002,628.6,629.2581,0.001,68.6,68.5908,0.0001
(주)더캐리,01552218,OFS_only,2025,OFS,audit,1319.9,,,17.3,,,-16.7,,,728.4,,,25,,
(주)풀무원푸드앤컬처,00231336,,2023,OFS,audit,6809.5,6809.5004,0,111.9,111.9201,0.0002,,,,,,,,,
(주)풀무원푸드앤컬처,00231336,,2024,OFS,audit,8167.8,0,,240.8,0,,10,0,,2850.2,0,,171.3,0,
(주)풀무원푸드앤컬처,00231336,,2025,OFS,audit,9125.3,,,318.7,,,81.8,,,2952.3,,,273.1,,
동연오토텍(주),00915827,OFS_only,2023,OFS,audit,419.9,419.8625,0.0001,23.8,23.751,0.0021,,,,,,,,,
동연오토텍(주),00915827,OFS_only,2024,OFS,audit,449.3,449.2707,0.0001,23.3,23.2668,0.0014,14,13.9989,0.0001,281.7,281.6795,0.0001,1.3,1.3013,0.001
동연오토텍(주),00915827,OFS_only,2025,OFS,audit,384.9,,,-7.4,,,-15.5,,,298.4,,,1.1,,
(주)에스디원,01645749,OFS_only,2023,OFS,audit,333.9,333.8761,0.0001,14,14.0037,0.0003,,,,,,,,,
(주)에스디원,01645749,OFS_only,2024,OFS,audit,365.9,365.8546,0.0001,9.5,9.5141,0.0015,3.5,3.4855,0.0042,149.9,156.1198,0.0398,2.4,2.4343,0.0141
(주)에스디원,01645749,OFS_only,2025,OFS,audit,416.5,,,7.4,,,1.5,,,197.5,,,1.9,,
설로인(주),01640221,OFS_only,2023,OFS,audit,337.3,341.85,0.0133,97,-100.8222,1.9621,,,,,,,,,
설로인(주),01640221,OFS_only,2024,OFS,audit,556.5,556.5446,0.0001,66.2,-66.2436,1.9993,100.2,-100.2433,1.9996,524.7,524.5691,0.0002,5.7,5.6718,0.005
설로인(주),01640221,OFS_only,2025,OFS,audit,682.2,,,27.9,,,62.8,,,537.6,,,18,,
(주)카시나,01478749,OFS_only,2023,OFS,audit,336.2,336.1528,0.0001,44,44.0029,0.0001,,,,,,,,,
(주)카시나,01478749,OFS_only,2024,OFS,audit,432.2,432.18,0,11.2,11.1614,0.0035,7.2,7.2354,0.0049,458.7,458.687,0,5,5.0369,0.0073
(주)카시나,01478749,OFS_only,2025,OFS,audit,347,,,-84.5,,,-198,,,471.7,,,5.4,,
(주)휴맥스모빌리티,01450460,CFS,2023,OFS,audit,132.9,2278.5687,0.9417,-172.8,-400.842,0.5689,,,,,,,,,
(주)휴맥스모빌리티,01450460,CFS,2023,CFS,audit,2278.6,2278.5687,0,-400.8,-400.842,0.0001,,,,,,,,,
(주)휴맥스모빌리티,01450460,CFS,2024,OFS,audit,32.6,2411.2721,0.9865,-116.7,-361.52,0.6772,-164.1,-519.6805,0.6842,873.1,4041.4047,0.784,36.5,263.8989,0.8617
(주)휴맥스모빌리티,01450460,CFS,2024,CFS,audit,2411.3,2411.2721,0,-361.5,-361.52,0.0001,-519.7,-519.6805,0,818.7,4041.4047,0.7974,263.9,263.8989,0
(주)휴맥스모빌리티,01450460,CFS,2025,OFS,audit,66.5,,,-67,,,-157.8,,,1005.8,,,5,,
(주)휴맥스모빌리티,01450460,CFS,2025,CFS,audit,2722.3,,,-81.7,,,-313.3,,,885.1,,,206.3,,
베스핀글로벌(주),01377574,CFS,2023,CFS,audit,4058.7,4058.7073,0,-157.3,-157.3009,0,,,,,,,,,
베스핀글로벌(주),01377574,CFS,2023,OFS,audit,3470.7,4058.7073,0.1449,-103.9,-157.3009,0.3395,,,,,,,,,
베스핀글로벌(주),01377574,CFS,2024,CFS,audit,4637.3,4637.2939,0,1.8,1.799,0.0006,88.3,88.3365,0.0004,0.6,0.5977,0.0038,216.2,216.1642,0.0002
베스핀글로벌(주),01377574,CFS,2024,OFS,audit,3676.7,4637.2939,0.2071,34.5,1.799,18.1773,88.8,88.3365,0.0052,-28.8,0.5977,49.1847,160.1,216.1642,0.2594
베스핀글로벌(주),01377574,CFS,2025,CFS,audit,5429.2,,,-38.6,,,-38.2,,,202,,,210.3,,
베스핀글로벌(주),01377574,CFS,2025,OFS,audit,4331.9,,,38.7,,,37.9,,,161.4,,,153.2,,
제이엘켐(주),01529113,OFS_only,2023,OFS,audit,237.1,237.0552,0.0002,0.9,0.9275,0.0296,,,,,,,,,
제이엘켐(주),01529113,OFS_only,2024,OFS,audit,373,372.9755,0.0001,8.7,8.701,0.0001,3.3,3.3355,0.0106,329.2,329.2405,0.0001,38,37.9509,0.0013
제이엘켐(주),01529113,OFS_only,2025,OFS,audit,454.6,,,1.5,,,-18.2,,,350.3,,,17.5,,
(주)무주덕유산리조트,00138145,OFS_only,2023,OFS,audit,547.3,547.3494,0.0001,19.8,-19.8401,1.998,,,,,,,,,
(주)무주덕유산리조트,00138145,OFS_only,2024,OFS,audit,535,534.9872,0,56.6,-56.568,2.0006,137.2,-137.2377,1.9997,1811.3,1814.1237,0.0016,50.6,50.5971,0.0001
(주)무주덕유산리조트,00138145,OFS_only,2025,OFS,audit,544.2,,,47.8,,,172.8,,,1896.1,,,39.7,,
(주)동희산기,00534048,,2023,OFS,audit,496.2,496.1693,0.0001,-42.1,-42.0905,0.0002,,,,,,,,,
(주)동희산기,00534048,,2024,OFS,audit,295.2,0,,-124.1,0,,-119.6,0,,296.8,0,,2,0,
(주)동희산기,00534048,,2025,OFS,audit,341.9,,,10.7,,,-10,,,224,,,0.7,,
레고랜드코리아유한회사,01502134,,2023,OFS,audit,494.5,494.4533,0.0001,200.1,-200.0536,2.0002,,,,,,,,,
레고랜드코리아유한회사,01502134,,2024,OFS,audit,379.8,0,,197.5,0,,1350.2,0,,1648.5,0,,14.2,0,
레고랜드코리아유한회사,01502134,,2025,OFS,audit,397.6,,,159.8,,,359.1,,,1829.8,,,20.4,,
(주)태강스틸,01473391,OFS_only,2023,OFS,audit,410.6,410.5627,0.0001,12.9,12.9258,0.002,,,,,,,,,
(주)태강스틸,01473391,OFS_only,2024,OFS,audit,490.1,490.0647,0.0001,21,21.0262,0.0012,,10.4401,,,309.8961,,,4.3337,
(주)태강스틸,01473391,OFS_only,2025,OFS,audit,535.1,,,25.1,,,,,,,,,,,
(주)헤라몬드,01729564,OFS_only,2023,OFS,audit,372,371.9671,0.0001,53.3,53.3401,0.0008,,,,,,,,,
(주)헤라몬드,01729564,OFS_only,2024,OFS,audit,426.2,426.207,0,92,92.0366,0.0004,43.8,43.8049,0.0001,775.9,775.9442,0.0001,53.3,53.3305,0.0006
(주)헤라몬드,01729564,OFS_only,2025,OFS,audit,527.4,,,101.8,,,54.4,,,797.9,,,20,,
(주)지알아이,01548020,OFS_only,2023,OFS,audit,500.3,500.3225,0,14.3,14.3393,0.0027,,,,,,,,,
(주)지알아이,01548020,OFS_only,2024,OFS,audit,480.4,480.388,0,22,21.9996,0,7.3,7.3144,0.002,215,214.9775,0.0001,0.6,0.5699,0.0528
(주)지알아이,01548020,OFS_only,2025,OFS,audit,1244.2,,,24.1,,,19.9,,,211.5,,,3.5,,
(주)호텔캐피탈,00165699,OFS_only,2023,OFS,audit,285.6,285.5583,0.0001,21.3,21.2925,0.0004,,,,,,,,,
(주)호텔캐피탈,00165699,OFS_only,2024,OFS,audit,326.6,326.5537,0.0001,43.5,43.4653,0.0008,168,-168.0262,1.9998,2476.2,2476.1549,0,26.9,26.9278,0.001
(주)호텔캐피탈,00165699,OFS_only,2025,OFS,audit,381.7,,,59.8,,,151.9,,,2631.3,,,32.9,,
바스프퍼포먼스폴리아마이드코리아(주),00299491,OFS_only,2023,OFS,audit,4082.3,4082.2879,0,-205.5,-205.5171,0.0001,,,,,,,,,
바스프퍼포먼스폴리아마이드코리아(주),00299491,OFS_only,2024,OFS,audit,4208.7,4208.6988,0,-68.9,-68.8531,0.0007,-57.3,-57.3479,0.0008,482.1,514.1415,0.0623,152.3,152.261,0.0003
바스프퍼포먼스폴리아마이드코리아(주),00299491,OFS_only,2025,OFS,audit,3712.1,,,-230.7,,,-192.5,,,812.8,,,389,,
(주)진원,00822837,OFS_only,2023,OFS,audit,163,363.066,0.551,57.7,30.0038,0.9231,,,,,,,,,
(주)진원,00822837,OFS_only,2024,OFS,audit,151.1,397.1481,0.6195,50,25.141,0.9888,-2.3,5.7863,1.3975,890.9,479.7239,0.8571,21.8,2.9585,6.3686
(주)진원,00822837,OFS_only,2025,OFS,audit,126.9,,,29.5,,,-17.8,,,990.6,,,15.9,,
(주)동북엘앤알,01366851,OFS_only,2023,OFS,audit,629.8,629.8052,0,25.8,25.8202,0.0008,,,,,,,,,
(주)동북엘앤알,01366851,OFS_only,2024,OFS,audit,667.1,667.1019,0,14.7,14.7412,0.0028,-15.8,-15.7805,0.0012,532,499.0515,0.066,26.1,26.0929,0.0003
(주)동북엘앤알,01366851,OFS_only,2025,OFS,audit,1071.2,,,49.6,,,41.8,,,527.6,,,42.2,,